Target_Fusion,Associated_Disease,Patient_Count,Enzyme_Variant,Valid_Cut_Sites,Junction_Sequence_Sim
USP22-MYH10,BRCA,18,WP_333265241.1,33,TCACACGCTTTACGT...
USP22-MYH10,BRCA,18,WP_456032753.1,33,TCACACGCTTTACGT...
USP22-MYH10,BRCA,18,WP_455267944.1,33,TCACACGCTTTACGT...
USP22-MYH10,BRCA,18,pdb|9ECE|A,33,TCACACGCTTTACGT...
USP22-MYH10,BRCA,18,pdb|9ECD|A,33,TCACACGCTTTACGT...
USP22-MYH10,BRCA,18,pdb|9ECC|A,33,TCACACGCTTTACGT...
USP22-MYH10,BRCA,18,pdb|9ECB|A,33,TCACACGCTTTACGT...
USP22-MYH10,BRCA,18,pdb|9ECA|A,33,TCACACGCTTTACGT...
USP22-MYH10,BRCA,18,pdb|9EC9|A,33,TCACACGCTTTACGT...
USP22-MYH10,BRCA,18,pdb|9EBU|A,33,TCACACGCTTTACGT...
USP22-MYH10,BRCA,18,AJD30372.1,33,TCACACGCTTTACGT...
USP22-MYH10,BRCA,18,pdb|9M8Q|A,33,TCACACGCTTTACGT...
USP22-MYH10,BRCA,18,pdb|9M38|A,33,TCACACGCTTTACGT...
USP22-MYH10,BRCA,18,pdb|9M34|A,33,TCACACGCTTTACGT...
USP22-MYH10,BRCA,18,pdb|9M33|A,33,TCACACGCTTTACGT...
USP22-MYH10,BRCA,18,pdb|9M31|A,33,TCACACGCTTTACGT...
USP22-MYH10,BRCA,18,pdb|9M30|A,33,TCACACGCTTTACGT...
USP22-MYH10,BRCA,18,WP_444458830.1,33,TCACACGCTTTACGT...
USP22-MYH10,BRCA,18,WP_444435771.1,33,TCACACGCTTTACGT...
USP22-MYH10,BRCA,18,WP_444435726.1,33,TCACACGCTTTACGT...
USP22-MYH10,BRCA,18,WP_117939725.1,33,TCACACGCTTTACGT...
USP22-MYH10,BRCA,18,WP_443950397.1,33,TCACACGCTTTACGT...
USP22-MYH10,BRCA,18,WP_410059552.1,33,TCACACGCTTTACGT...
USP22-MYH10,BRCA,18,WP_443720746.1,33,TCACACGCTTTACGT...
USP22-MYH10,BRCA,18,WP_443718908.1,33,TCACACGCTTTACGT...
USP22-MYH10,BRCA,18,WP_443714745.1,33,TCACACGCTTTACGT...
USP22-MYH10,BRCA,18,WP_443712101.1,33,TCACACGCTTTACGT...
USP22-MYH10,BRCA,18,WP_443710932.1,33,TCACACGCTTTACGT...
USP22-MYH10,BRCA,18,WP_443708358.1,33,TCACACGCTTTACGT...
USP22-MYH10,BRCA,18,WP_118158110.1,33,TCACACGCTTTACGT...
USP22-MYH10,BRCA,18,WP_321161346.1,33,TCACACGCTTTACGT...
USP22-MYH10,BRCA,18,WP_265232294.1,33,TCACACGCTTTACGT...
USP22-MYH10,BRCA,18,WP_163278099.1,33,TCACACGCTTTACGT...
USP22-MYH10,BRCA,18,WP_163252947.1,33,TCACACGCTTTACGT...
USP22-MYH10,BRCA,18,WP_163245051.1,33,TCACACGCTTTACGT...
USP22-MYH10,BRCA,18,WP_163184865.1,33,TCACACGCTTTACGT...
USP22-MYH10,BRCA,18,WP_114980965.1,33,TCACACGCTTTACGT...
USP22-MYH10,BRCA,18,WP_098926848.1,33,TCACACGCTTTACGT...
USP22-MYH10,BRCA,18,WP_085333853.1,33,TCACACGCTTTACGT...
USP22-MYH10,BRCA,18,WP_061311164.1,33,TCACACGCTTTACGT...
USP22-MYH10,BRCA,18,WP_053818216.1,33,TCACACGCTTTACGT...
USP22-MYH10,BRCA,18,WP_045518692.1,33,TCACACGCTTTACGT...
USP22-MYH10,BRCA,18,WP_033061393.1,33,TCACACGCTTTACGT...
USP22-MYH10,BRCA,18,WP_003491553.1,33,TCACACGCTTTACGT...
USP22-MYH10,BRCA,18,WP_003483200.1,33,TCACACGCTTTACGT...
USP22-MYH10,BRCA,18,NP_001139035.1,33,TCACACGCTTTACGT...
USP22-MYH10,BRCA,18,WP_329604416.1,33,TCACACGCTTTACGT...
USP22-MYH10,BRCA,18,WP_329603308.1,33,TCACACGCTTTACGT...
USP22-MYH10,BRCA,18,WP_323286094.1,33,TCACACGCTTTACGT...
USP22-MYH10,BRCA,18,WP_310995718.1,33,TCACACGCTTTACGT...
ZFP91-RAB6A,BRCA,18,WP_333265241.1,33,GCCCCAGACTGATAT...
ZFP91-RAB6A,BRCA,18,WP_456032753.1,33,GCCCCAGACTGATAT...
ZFP91-RAB6A,BRCA,18,WP_455267944.1,33,GCCCCAGACTGATAT...
ZFP91-RAB6A,BRCA,18,pdb|9ECE|A,33,GCCCCAGACTGATAT...
ZFP91-RAB6A,BRCA,18,pdb|9ECD|A,33,GCCCCAGACTGATAT...
ZFP91-RAB6A,BRCA,18,pdb|9ECC|A,33,GCCCCAGACTGATAT...
ZFP91-RAB6A,BRCA,18,pdb|9ECB|A,33,GCCCCAGACTGATAT...
ZFP91-RAB6A,BRCA,18,pdb|9ECA|A,33,GCCCCAGACTGATAT...
ZFP91-RAB6A,BRCA,18,pdb|9EC9|A,33,GCCCCAGACTGATAT...
ZFP91-RAB6A,BRCA,18,pdb|9EBU|A,33,GCCCCAGACTGATAT...
ZFP91-RAB6A,BRCA,18,AJD30372.1,33,GCCCCAGACTGATAT...
ZFP91-RAB6A,BRCA,18,pdb|9M8Q|A,33,GCCCCAGACTGATAT...
ZFP91-RAB6A,BRCA,18,pdb|9M38|A,33,GCCCCAGACTGATAT...
ZFP91-RAB6A,BRCA,18,pdb|9M34|A,33,GCCCCAGACTGATAT...
ZFP91-RAB6A,BRCA,18,pdb|9M33|A,33,GCCCCAGACTGATAT...
ZFP91-RAB6A,BRCA,18,pdb|9M31|A,33,GCCCCAGACTGATAT...
ZFP91-RAB6A,BRCA,18,pdb|9M30|A,33,GCCCCAGACTGATAT...
ZFP91-RAB6A,BRCA,18,WP_444458830.1,33,GCCCCAGACTGATAT...
ZFP91-RAB6A,BRCA,18,WP_444435771.1,33,GCCCCAGACTGATAT...
ZFP91-RAB6A,BRCA,18,WP_444435726.1,33,GCCCCAGACTGATAT...
ZFP91-RAB6A,BRCA,18,WP_117939725.1,33,GCCCCAGACTGATAT...
ZFP91-RAB6A,BRCA,18,WP_443950397.1,33,GCCCCAGACTGATAT...
ZFP91-RAB6A,BRCA,18,WP_410059552.1,33,GCCCCAGACTGATAT...
ZFP91-RAB6A,BRCA,18,WP_443720746.1,33,GCCCCAGACTGATAT...
ZFP91-RAB6A,BRCA,18,WP_443718908.1,33,GCCCCAGACTGATAT...
ZFP91-RAB6A,BRCA,18,WP_443714745.1,33,GCCCCAGACTGATAT...
ZFP91-RAB6A,BRCA,18,WP_443712101.1,33,GCCCCAGACTGATAT...
ZFP91-RAB6A,BRCA,18,WP_443710932.1,33,GCCCCAGACTGATAT...
ZFP91-RAB6A,BRCA,18,WP_443708358.1,33,GCCCCAGACTGATAT...
ZFP91-RAB6A,BRCA,18,WP_118158110.1,33,GCCCCAGACTGATAT...
ZFP91-RAB6A,BRCA,18,WP_321161346.1,33,GCCCCAGACTGATAT...
ZFP91-RAB6A,BRCA,18,WP_265232294.1,33,GCCCCAGACTGATAT...
ZFP91-RAB6A,BRCA,18,WP_163278099.1,33,GCCCCAGACTGATAT...
ZFP91-RAB6A,BRCA,18,WP_163252947.1,33,GCCCCAGACTGATAT...
ZFP91-RAB6A,BRCA,18,WP_163245051.1,33,GCCCCAGACTGATAT...
ZFP91-RAB6A,BRCA,18,WP_163184865.1,33,GCCCCAGACTGATAT...
ZFP91-RAB6A,BRCA,18,WP_114980965.1,33,GCCCCAGACTGATAT...
ZFP91-RAB6A,BRCA,18,WP_098926848.1,33,GCCCCAGACTGATAT...
ZFP91-RAB6A,BRCA,18,WP_085333853.1,33,GCCCCAGACTGATAT...
ZFP91-RAB6A,BRCA,18,WP_061311164.1,33,GCCCCAGACTGATAT...
ZFP91-RAB6A,BRCA,18,WP_053818216.1,33,GCCCCAGACTGATAT...
ZFP91-RAB6A,BRCA,18,WP_045518692.1,33,GCCCCAGACTGATAT...
ZFP91-RAB6A,BRCA,18,WP_033061393.1,33,GCCCCAGACTGATAT...
ZFP91-RAB6A,BRCA,18,WP_003491553.1,33,GCCCCAGACTGATAT...
ZFP91-RAB6A,BRCA,18,WP_003483200.1,33,GCCCCAGACTGATAT...
ZFP91-RAB6A,BRCA,18,NP_001139035.1,33,GCCCCAGACTGATAT...
ZFP91-RAB6A,BRCA,18,WP_329604416.1,33,GCCCCAGACTGATAT...
ZFP91-RAB6A,BRCA,18,WP_329603308.1,33,GCCCCAGACTGATAT...
ZFP91-RAB6A,BRCA,18,WP_323286094.1,33,GCCCCAGACTGATAT...
ZFP91-RAB6A,BRCA,18,WP_310995718.1,33,GCCCCAGACTGATAT...
MRPL48-DTX4,BRCA,14,WP_333265241.1,28,CGCAGGCTCCCACGC...
MRPL48-DTX4,BRCA,14,WP_456032753.1,28,CGCAGGCTCCCACGC...
MRPL48-DTX4,BRCA,14,WP_455267944.1,28,CGCAGGCTCCCACGC...
MRPL48-DTX4,BRCA,14,pdb|9ECE|A,28,CGCAGGCTCCCACGC...
MRPL48-DTX4,BRCA,14,pdb|9ECD|A,28,CGCAGGCTCCCACGC...
MRPL48-DTX4,BRCA,14,pdb|9ECC|A,28,CGCAGGCTCCCACGC...
MRPL48-DTX4,BRCA,14,pdb|9ECB|A,28,CGCAGGCTCCCACGC...
MRPL48-DTX4,BRCA,14,pdb|9ECA|A,28,CGCAGGCTCCCACGC...
MRPL48-DTX4,BRCA,14,pdb|9EC9|A,28,CGCAGGCTCCCACGC...
MRPL48-DTX4,BRCA,14,pdb|9EBU|A,28,CGCAGGCTCCCACGC...
MRPL48-DTX4,BRCA,14,AJD30372.1,28,CGCAGGCTCCCACGC...
MRPL48-DTX4,BRCA,14,pdb|9M8Q|A,28,CGCAGGCTCCCACGC...
MRPL48-DTX4,BRCA,14,pdb|9M38|A,28,CGCAGGCTCCCACGC...
MRPL48-DTX4,BRCA,14,pdb|9M34|A,28,CGCAGGCTCCCACGC...
MRPL48-DTX4,BRCA,14,pdb|9M33|A,28,CGCAGGCTCCCACGC...
MRPL48-DTX4,BRCA,14,pdb|9M31|A,28,CGCAGGCTCCCACGC...
MRPL48-DTX4,BRCA,14,pdb|9M30|A,28,CGCAGGCTCCCACGC...
MRPL48-DTX4,BRCA,14,WP_444458830.1,28,CGCAGGCTCCCACGC...
MRPL48-DTX4,BRCA,14,WP_444435771.1,28,CGCAGGCTCCCACGC...
MRPL48-DTX4,BRCA,14,WP_444435726.1,28,CGCAGGCTCCCACGC...
MRPL48-DTX4,BRCA,14,WP_117939725.1,28,CGCAGGCTCCCACGC...
MRPL48-DTX4,BRCA,14,WP_443950397.1,28,CGCAGGCTCCCACGC...
MRPL48-DTX4,BRCA,14,WP_410059552.1,28,CGCAGGCTCCCACGC...
MRPL48-DTX4,BRCA,14,WP_443720746.1,28,CGCAGGCTCCCACGC...
MRPL48-DTX4,BRCA,14,WP_443718908.1,28,CGCAGGCTCCCACGC...
MRPL48-DTX4,BRCA,14,WP_443714745.1,28,CGCAGGCTCCCACGC...
MRPL48-DTX4,BRCA,14,WP_443712101.1,28,CGCAGGCTCCCACGC...
MRPL48-DTX4,BRCA,14,WP_443710932.1,28,CGCAGGCTCCCACGC...
MRPL48-DTX4,BRCA,14,WP_443708358.1,28,CGCAGGCTCCCACGC...
MRPL48-DTX4,BRCA,14,WP_118158110.1,28,CGCAGGCTCCCACGC...
MRPL48-DTX4,BRCA,14,WP_321161346.1,28,CGCAGGCTCCCACGC...
MRPL48-DTX4,BRCA,14,WP_265232294.1,28,CGCAGGCTCCCACGC...
MRPL48-DTX4,BRCA,14,WP_163278099.1,28,CGCAGGCTCCCACGC...
MRPL48-DTX4,BRCA,14,WP_163252947.1,28,CGCAGGCTCCCACGC...
MRPL48-DTX4,BRCA,14,WP_163245051.1,28,CGCAGGCTCCCACGC...
MRPL48-DTX4,BRCA,14,WP_163184865.1,28,CGCAGGCTCCCACGC...
MRPL48-DTX4,BRCA,14,WP_114980965.1,28,CGCAGGCTCCCACGC...
MRPL48-DTX4,BRCA,14,WP_098926848.1,28,CGCAGGCTCCCACGC...
MRPL48-DTX4,BRCA,14,WP_085333853.1,28,CGCAGGCTCCCACGC...
MRPL48-DTX4,BRCA,14,WP_061311164.1,28,CGCAGGCTCCCACGC...
MRPL48-DTX4,BRCA,14,WP_053818216.1,28,CGCAGGCTCCCACGC...
MRPL48-DTX4,BRCA,14,WP_045518692.1,28,CGCAGGCTCCCACGC...
MRPL48-DTX4,BRCA,14,WP_033061393.1,28,CGCAGGCTCCCACGC...
MRPL48-DTX4,BRCA,14,WP_003491553.1,28,CGCAGGCTCCCACGC...
MRPL48-DTX4,BRCA,14,WP_003483200.1,28,CGCAGGCTCCCACGC...
MRPL48-DTX4,BRCA,14,NP_001139035.1,28,CGCAGGCTCCCACGC...
MRPL48-DTX4,BRCA,14,WP_329604416.1,28,CGCAGGCTCCCACGC...
MRPL48-DTX4,BRCA,14,WP_329603308.1,28,CGCAGGCTCCCACGC...
MRPL48-DTX4,BRCA,14,WP_323286094.1,28,CGCAGGCTCCCACGC...
MRPL48-DTX4,BRCA,14,WP_310995718.1,28,CGCAGGCTCCCACGC...
ABL1-BCR,LAML,14,WP_333265241.1,26,TGCGGTTGATAACCA...
ABL1-BCR,LAML,14,WP_456032753.1,26,TGCGGTTGATAACCA...
ABL1-BCR,LAML,14,WP_455267944.1,26,TGCGGTTGATAACCA...
ABL1-BCR,LAML,14,pdb|9ECE|A,26,TGCGGTTGATAACCA...
ABL1-BCR,LAML,14,pdb|9ECD|A,26,TGCGGTTGATAACCA...
ABL1-BCR,LAML,14,pdb|9ECC|A,26,TGCGGTTGATAACCA...
ABL1-BCR,LAML,14,pdb|9ECB|A,26,TGCGGTTGATAACCA...
ABL1-BCR,LAML,14,pdb|9ECA|A,26,TGCGGTTGATAACCA...
ABL1-BCR,LAML,14,pdb|9EC9|A,26,TGCGGTTGATAACCA...
ABL1-BCR,LAML,14,pdb|9EBU|A,26,TGCGGTTGATAACCA...
ABL1-BCR,LAML,14,AJD30372.1,26,TGCGGTTGATAACCA...
ABL1-BCR,LAML,14,pdb|9M8Q|A,26,TGCGGTTGATAACCA...
ABL1-BCR,LAML,14,pdb|9M38|A,26,TGCGGTTGATAACCA...
ABL1-BCR,LAML,14,pdb|9M34|A,26,TGCGGTTGATAACCA...
ABL1-BCR,LAML,14,pdb|9M33|A,26,TGCGGTTGATAACCA...
ABL1-BCR,LAML,14,pdb|9M31|A,26,TGCGGTTGATAACCA...
ABL1-BCR,LAML,14,pdb|9M30|A,26,TGCGGTTGATAACCA...
ABL1-BCR,LAML,14,WP_444458830.1,26,TGCGGTTGATAACCA...
ABL1-BCR,LAML,14,WP_444435771.1,26,TGCGGTTGATAACCA...
ABL1-BCR,LAML,14,WP_444435726.1,26,TGCGGTTGATAACCA...
ABL1-BCR,LAML,14,WP_117939725.1,26,TGCGGTTGATAACCA...
ABL1-BCR,LAML,14,WP_443950397.1,26,TGCGGTTGATAACCA...
ABL1-BCR,LAML,14,WP_410059552.1,26,TGCGGTTGATAACCA...
ABL1-BCR,LAML,14,WP_443720746.1,26,TGCGGTTGATAACCA...
ABL1-BCR,LAML,14,WP_443718908.1,26,TGCGGTTGATAACCA...
ABL1-BCR,LAML,14,WP_443714745.1,26,TGCGGTTGATAACCA...
ABL1-BCR,LAML,14,WP_443712101.1,26,TGCGGTTGATAACCA...
ABL1-BCR,LAML,14,WP_443710932.1,26,TGCGGTTGATAACCA...
ABL1-BCR,LAML,14,WP_443708358.1,26,TGCGGTTGATAACCA...
ABL1-BCR,LAML,14,WP_118158110.1,26,TGCGGTTGATAACCA...
ABL1-BCR,LAML,14,WP_321161346.1,26,TGCGGTTGATAACCA...
ABL1-BCR,LAML,14,WP_265232294.1,26,TGCGGTTGATAACCA...
ABL1-BCR,LAML,14,WP_163278099.1,26,TGCGGTTGATAACCA...
ABL1-BCR,LAML,14,WP_163252947.1,26,TGCGGTTGATAACCA...
ABL1-BCR,LAML,14,WP_163245051.1,26,TGCGGTTGATAACCA...
ABL1-BCR,LAML,14,WP_163184865.1,26,TGCGGTTGATAACCA...
ABL1-BCR,LAML,14,WP_114980965.1,26,TGCGGTTGATAACCA...
ABL1-BCR,LAML,14,WP_098926848.1,26,TGCGGTTGATAACCA...
ABL1-BCR,LAML,14,WP_085333853.1,26,TGCGGTTGATAACCA...
ABL1-BCR,LAML,14,WP_061311164.1,26,TGCGGTTGATAACCA...
ABL1-BCR,LAML,14,WP_053818216.1,26,TGCGGTTGATAACCA...
ABL1-BCR,LAML,14,WP_045518692.1,26,TGCGGTTGATAACCA...
ABL1-BCR,LAML,14,WP_033061393.1,26,TGCGGTTGATAACCA...
ABL1-BCR,LAML,14,WP_003491553.1,26,TGCGGTTGATAACCA...
ABL1-BCR,LAML,14,WP_003483200.1,26,TGCGGTTGATAACCA...
ABL1-BCR,LAML,14,NP_001139035.1,26,TGCGGTTGATAACCA...
ABL1-BCR,LAML,14,WP_329604416.1,26,TGCGGTTGATAACCA...
ABL1-BCR,LAML,14,WP_329603308.1,26,TGCGGTTGATAACCA...
ABL1-BCR,LAML,14,WP_323286094.1,26,TGCGGTTGATAACCA...
ABL1-BCR,LAML,14,WP_310995718.1,26,TGCGGTTGATAACCA...
UBTF-MAML3,PCPG,14,WP_333265241.1,31,CGCTGATTGGCAACG...
UBTF-MAML3,PCPG,14,WP_456032753.1,31,CGCTGATTGGCAACG...
UBTF-MAML3,PCPG,14,WP_455267944.1,31,CGCTGATTGGCAACG...
UBTF-MAML3,PCPG,14,pdb|9ECE|A,31,CGCTGATTGGCAACG...
UBTF-MAML3,PCPG,14,pdb|9ECD|A,31,CGCTGATTGGCAACG...
UBTF-MAML3,PCPG,14,pdb|9ECC|A,31,CGCTGATTGGCAACG...
UBTF-MAML3,PCPG,14,pdb|9ECB|A,31,CGCTGATTGGCAACG...
UBTF-MAML3,PCPG,14,pdb|9ECA|A,31,CGCTGATTGGCAACG...
UBTF-MAML3,PCPG,14,pdb|9EC9|A,31,CGCTGATTGGCAACG...
UBTF-MAML3,PCPG,14,pdb|9EBU|A,31,CGCTGATTGGCAACG...
UBTF-MAML3,PCPG,14,AJD30372.1,31,CGCTGATTGGCAACG...
UBTF-MAML3,PCPG,14,pdb|9M8Q|A,31,CGCTGATTGGCAACG...
UBTF-MAML3,PCPG,14,pdb|9M38|A,31,CGCTGATTGGCAACG...
UBTF-MAML3,PCPG,14,pdb|9M34|A,31,CGCTGATTGGCAACG...
UBTF-MAML3,PCPG,14,pdb|9M33|A,31,CGCTGATTGGCAACG...
UBTF-MAML3,PCPG,14,pdb|9M31|A,31,CGCTGATTGGCAACG...
UBTF-MAML3,PCPG,14,pdb|9M30|A,31,CGCTGATTGGCAACG...
UBTF-MAML3,PCPG,14,WP_444458830.1,31,CGCTGATTGGCAACG...
UBTF-MAML3,PCPG,14,WP_444435771.1,31,CGCTGATTGGCAACG...
UBTF-MAML3,PCPG,14,WP_444435726.1,31,CGCTGATTGGCAACG...
UBTF-MAML3,PCPG,14,WP_117939725.1,31,CGCTGATTGGCAACG...
UBTF-MAML3,PCPG,14,WP_443950397.1,31,CGCTGATTGGCAACG...
UBTF-MAML3,PCPG,14,WP_410059552.1,31,CGCTGATTGGCAACG...
UBTF-MAML3,PCPG,14,WP_443720746.1,31,CGCTGATTGGCAACG...
UBTF-MAML3,PCPG,14,WP_443718908.1,31,CGCTGATTGGCAACG...
UBTF-MAML3,PCPG,14,WP_443714745.1,31,CGCTGATTGGCAACG...
UBTF-MAML3,PCPG,14,WP_443712101.1,31,CGCTGATTGGCAACG...
UBTF-MAML3,PCPG,14,WP_443710932.1,31,CGCTGATTGGCAACG...
UBTF-MAML3,PCPG,14,WP_443708358.1,31,CGCTGATTGGCAACG...
UBTF-MAML3,PCPG,14,WP_118158110.1,31,CGCTGATTGGCAACG...
UBTF-MAML3,PCPG,14,WP_321161346.1,31,CGCTGATTGGCAACG...
UBTF-MAML3,PCPG,14,WP_265232294.1,31,CGCTGATTGGCAACG...
UBTF-MAML3,PCPG,14,WP_163278099.1,31,CGCTGATTGGCAACG...
UBTF-MAML3,PCPG,14,WP_163252947.1,31,CGCTGATTGGCAACG...
UBTF-MAML3,PCPG,14,WP_163245051.1,31,CGCTGATTGGCAACG...
UBTF-MAML3,PCPG,14,WP_163184865.1,31,CGCTGATTGGCAACG...
UBTF-MAML3,PCPG,14,WP_114980965.1,31,CGCTGATTGGCAACG...
UBTF-MAML3,PCPG,14,WP_098926848.1,31,CGCTGATTGGCAACG...
UBTF-MAML3,PCPG,14,WP_085333853.1,31,CGCTGATTGGCAACG...
UBTF-MAML3,PCPG,14,WP_061311164.1,31,CGCTGATTGGCAACG...
UBTF-MAML3,PCPG,14,WP_053818216.1,31,CGCTGATTGGCAACG...
UBTF-MAML3,PCPG,14,WP_045518692.1,31,CGCTGATTGGCAACG...
UBTF-MAML3,PCPG,14,WP_033061393.1,31,CGCTGATTGGCAACG...
UBTF-MAML3,PCPG,14,WP_003491553.1,31,CGCTGATTGGCAACG...
UBTF-MAML3,PCPG,14,WP_003483200.1,31,CGCTGATTGGCAACG...
UBTF-MAML3,PCPG,14,NP_001139035.1,31,CGCTGATTGGCAACG...
UBTF-MAML3,PCPG,14,WP_329604416.1,31,CGCTGATTGGCAACG...
UBTF-MAML3,PCPG,14,WP_329603308.1,31,CGCTGATTGGCAACG...
UBTF-MAML3,PCPG,14,WP_323286094.1,31,CGCTGATTGGCAACG...
UBTF-MAML3,PCPG,14,WP_310995718.1,31,CGCTGATTGGCAACG...
ERG-TMPRSS2,PRAD,16,WP_333265241.1,25,TTTGTCCGTTCTGCA...
ERG-TMPRSS2,PRAD,16,WP_456032753.1,25,TTTGTCCGTTCTGCA...
ERG-TMPRSS2,PRAD,16,WP_455267944.1,25,TTTGTCCGTTCTGCA...
ERG-TMPRSS2,PRAD,16,pdb|9ECE|A,25,TTTGTCCGTTCTGCA...
ERG-TMPRSS2,PRAD,16,pdb|9ECD|A,25,TTTGTCCGTTCTGCA...
ERG-TMPRSS2,PRAD,16,pdb|9ECC|A,25,TTTGTCCGTTCTGCA...
ERG-TMPRSS2,PRAD,16,pdb|9ECB|A,25,TTTGTCCGTTCTGCA...
ERG-TMPRSS2,PRAD,16,pdb|9ECA|A,25,TTTGTCCGTTCTGCA...
ERG-TMPRSS2,PRAD,16,pdb|9EC9|A,25,TTTGTCCGTTCTGCA...
ERG-TMPRSS2,PRAD,16,pdb|9EBU|A,25,TTTGTCCGTTCTGCA...
ERG-TMPRSS2,PRAD,16,AJD30372.1,25,TTTGTCCGTTCTGCA...
ERG-TMPRSS2,PRAD,16,pdb|9M8Q|A,25,TTTGTCCGTTCTGCA...
ERG-TMPRSS2,PRAD,16,pdb|9M38|A,25,TTTGTCCGTTCTGCA...
ERG-TMPRSS2,PRAD,16,pdb|9M34|A,25,TTTGTCCGTTCTGCA...
ERG-TMPRSS2,PRAD,16,pdb|9M33|A,25,TTTGTCCGTTCTGCA...
ERG-TMPRSS2,PRAD,16,pdb|9M31|A,25,TTTGTCCGTTCTGCA...
ERG-TMPRSS2,PRAD,16,pdb|9M30|A,25,TTTGTCCGTTCTGCA...
ERG-TMPRSS2,PRAD,16,WP_444458830.1,25,TTTGTCCGTTCTGCA...
ERG-TMPRSS2,PRAD,16,WP_444435771.1,25,TTTGTCCGTTCTGCA...
ERG-TMPRSS2,PRAD,16,WP_444435726.1,25,TTTGTCCGTTCTGCA...
ERG-TMPRSS2,PRAD,16,WP_117939725.1,25,TTTGTCCGTTCTGCA...
ERG-TMPRSS2,PRAD,16,WP_443950397.1,25,TTTGTCCGTTCTGCA...
ERG-TMPRSS2,PRAD,16,WP_410059552.1,25,TTTGTCCGTTCTGCA...
ERG-TMPRSS2,PRAD,16,WP_443720746.1,25,TTTGTCCGTTCTGCA...
ERG-TMPRSS2,PRAD,16,WP_443718908.1,25,TTTGTCCGTTCTGCA...
ERG-TMPRSS2,PRAD,16,WP_443714745.1,25,TTTGTCCGTTCTGCA...
ERG-TMPRSS2,PRAD,16,WP_443712101.1,25,TTTGTCCGTTCTGCA...
ERG-TMPRSS2,PRAD,16,WP_443710932.1,25,TTTGTCCGTTCTGCA...
ERG-TMPRSS2,PRAD,16,WP_443708358.1,25,TTTGTCCGTTCTGCA...
ERG-TMPRSS2,PRAD,16,WP_118158110.1,25,TTTGTCCGTTCTGCA...
ERG-TMPRSS2,PRAD,16,WP_321161346.1,25,TTTGTCCGTTCTGCA...
ERG-TMPRSS2,PRAD,16,WP_265232294.1,25,TTTGTCCGTTCTGCA...
ERG-TMPRSS2,PRAD,16,WP_163278099.1,25,TTTGTCCGTTCTGCA...
ERG-TMPRSS2,PRAD,16,WP_163252947.1,25,TTTGTCCGTTCTGCA...
ERG-TMPRSS2,PRAD,16,WP_163245051.1,25,TTTGTCCGTTCTGCA...
ERG-TMPRSS2,PRAD,16,WP_163184865.1,25,TTTGTCCGTTCTGCA...
ERG-TMPRSS2,PRAD,16,WP_114980965.1,25,TTTGTCCGTTCTGCA...
ERG-TMPRSS2,PRAD,16,WP_098926848.1,25,TTTGTCCGTTCTGCA...
ERG-TMPRSS2,PRAD,16,WP_085333853.1,25,TTTGTCCGTTCTGCA...
ERG-TMPRSS2,PRAD,16,WP_061311164.1,25,TTTGTCCGTTCTGCA...
ERG-TMPRSS2,PRAD,16,WP_053818216.1,25,TTTGTCCGTTCTGCA...
ERG-TMPRSS2,PRAD,16,WP_045518692.1,25,TTTGTCCGTTCTGCA...
ERG-TMPRSS2,PRAD,16,WP_033061393.1,25,TTTGTCCGTTCTGCA...
ERG-TMPRSS2,PRAD,16,WP_003491553.1,25,TTTGTCCGTTCTGCA...
ERG-TMPRSS2,PRAD,16,WP_003483200.1,25,TTTGTCCGTTCTGCA...
ERG-TMPRSS2,PRAD,16,NP_001139035.1,25,TTTGTCCGTTCTGCA...
ERG-TMPRSS2,PRAD,16,WP_329604416.1,25,TTTGTCCGTTCTGCA...
ERG-TMPRSS2,PRAD,16,WP_329603308.1,25,TTTGTCCGTTCTGCA...
ERG-TMPRSS2,PRAD,16,WP_323286094.1,25,TTTGTCCGTTCTGCA...
ERG-TMPRSS2,PRAD,16,WP_310995718.1,25,TTTGTCCGTTCTGCA...
HRH1-ATG7,,14,WP_333265241.1,31,CTTACGTTAAGCTAA...
HRH1-ATG7,,14,WP_456032753.1,31,CTTACGTTAAGCTAA...
HRH1-ATG7,,14,WP_455267944.1,31,CTTACGTTAAGCTAA...
HRH1-ATG7,,14,pdb|9ECE|A,31,CTTACGTTAAGCTAA...
HRH1-ATG7,,14,pdb|9ECD|A,31,CTTACGTTAAGCTAA...
HRH1-ATG7,,14,pdb|9ECC|A,31,CTTACGTTAAGCTAA...
HRH1-ATG7,,14,pdb|9ECB|A,31,CTTACGTTAAGCTAA...
HRH1-ATG7,,14,pdb|9ECA|A,31,CTTACGTTAAGCTAA...
HRH1-ATG7,,14,pdb|9EC9|A,31,CTTACGTTAAGCTAA...
HRH1-ATG7,,14,pdb|9EBU|A,31,CTTACGTTAAGCTAA...
HRH1-ATG7,,14,AJD30372.1,31,CTTACGTTAAGCTAA...
HRH1-ATG7,,14,pdb|9M8Q|A,31,CTTACGTTAAGCTAA...
HRH1-ATG7,,14,pdb|9M38|A,31,CTTACGTTAAGCTAA...
HRH1-ATG7,,14,pdb|9M34|A,31,CTTACGTTAAGCTAA...
HRH1-ATG7,,14,pdb|9M33|A,31,CTTACGTTAAGCTAA...
HRH1-ATG7,,14,pdb|9M31|A,31,CTTACGTTAAGCTAA...
HRH1-ATG7,,14,pdb|9M30|A,31,CTTACGTTAAGCTAA...
HRH1-ATG7,,14,WP_444458830.1,31,CTTACGTTAAGCTAA...
HRH1-ATG7,,14,WP_444435771.1,31,CTTACGTTAAGCTAA...
HRH1-ATG7,,14,WP_444435726.1,31,CTTACGTTAAGCTAA...
HRH1-ATG7,,14,WP_117939725.1,31,CTTACGTTAAGCTAA...
HRH1-ATG7,,14,WP_443950397.1,31,CTTACGTTAAGCTAA...
HRH1-ATG7,,14,WP_410059552.1,31,CTTACGTTAAGCTAA...
HRH1-ATG7,,14,WP_443720746.1,31,CTTACGTTAAGCTAA...
HRH1-ATG7,,14,WP_443718908.1,31,CTTACGTTAAGCTAA...
HRH1-ATG7,,14,WP_443714745.1,31,CTTACGTTAAGCTAA...
HRH1-ATG7,,14,WP_443712101.1,31,CTTACGTTAAGCTAA...
HRH1-ATG7,,14,WP_443710932.1,31,CTTACGTTAAGCTAA...
HRH1-ATG7,,14,WP_443708358.1,31,CTTACGTTAAGCTAA...
HRH1-ATG7,,14,WP_118158110.1,31,CTTACGTTAAGCTAA...
HRH1-ATG7,,14,WP_321161346.1,31,CTTACGTTAAGCTAA...
HRH1-ATG7,,14,WP_265232294.1,31,CTTACGTTAAGCTAA...
HRH1-ATG7,,14,WP_163278099.1,31,CTTACGTTAAGCTAA...
HRH1-ATG7,,14,WP_163252947.1,31,CTTACGTTAAGCTAA...
HRH1-ATG7,,14,WP_163245051.1,31,CTTACGTTAAGCTAA...
HRH1-ATG7,,14,WP_163184865.1,31,CTTACGTTAAGCTAA...
HRH1-ATG7,,14,WP_114980965.1,31,CTTACGTTAAGCTAA...
HRH1-ATG7,,14,WP_098926848.1,31,CTTACGTTAAGCTAA...
HRH1-ATG7,,14,WP_085333853.1,31,CTTACGTTAAGCTAA...
HRH1-ATG7,,14,WP_061311164.1,31,CTTACGTTAAGCTAA...
HRH1-ATG7,,14,WP_053818216.1,31,CTTACGTTAAGCTAA...
HRH1-ATG7,,14,WP_045518692.1,31,CTTACGTTAAGCTAA...
HRH1-ATG7,,14,WP_033061393.1,31,CTTACGTTAAGCTAA...
HRH1-ATG7,,14,WP_003491553.1,31,CTTACGTTAAGCTAA...
HRH1-ATG7,,14,WP_003483200.1,31,CTTACGTTAAGCTAA...
HRH1-ATG7,,14,NP_001139035.1,31,CTTACGTTAAGCTAA...
HRH1-ATG7,,14,WP_329604416.1,31,CTTACGTTAAGCTAA...
HRH1-ATG7,,14,WP_329603308.1,31,CTTACGTTAAGCTAA...
HRH1-ATG7,,14,WP_323286094.1,31,CTTACGTTAAGCTAA...
HRH1-ATG7,,14,WP_310995718.1,31,CTTACGTTAAGCTAA...
TTYH3-MAD1L1,,14,WP_333265241.1,31,CCAATAACCCTTAGG...
TTYH3-MAD1L1,,14,WP_456032753.1,31,CCAATAACCCTTAGG...
TTYH3-MAD1L1,,14,WP_455267944.1,31,CCAATAACCCTTAGG...
TTYH3-MAD1L1,,14,pdb|9ECE|A,31,CCAATAACCCTTAGG...
TTYH3-MAD1L1,,14,pdb|9ECD|A,31,CCAATAACCCTTAGG...
TTYH3-MAD1L1,,14,pdb|9ECC|A,31,CCAATAACCCTTAGG...
TTYH3-MAD1L1,,14,pdb|9ECB|A,31,CCAATAACCCTTAGG...
TTYH3-MAD1L1,,14,pdb|9ECA|A,31,CCAATAACCCTTAGG...
TTYH3-MAD1L1,,14,pdb|9EC9|A,31,CCAATAACCCTTAGG...
TTYH3-MAD1L1,,14,pdb|9EBU|A,31,CCAATAACCCTTAGG...
TTYH3-MAD1L1,,14,AJD30372.1,31,CCAATAACCCTTAGG...
TTYH3-MAD1L1,,14,pdb|9M8Q|A,31,CCAATAACCCTTAGG...
TTYH3-MAD1L1,,14,pdb|9M38|A,31,CCAATAACCCTTAGG...
TTYH3-MAD1L1,,14,pdb|9M34|A,31,CCAATAACCCTTAGG...
TTYH3-MAD1L1,,14,pdb|9M33|A,31,CCAATAACCCTTAGG...
TTYH3-MAD1L1,,14,pdb|9M31|A,31,CCAATAACCCTTAGG...
TTYH3-MAD1L1,,14,pdb|9M30|A,31,CCAATAACCCTTAGG...
TTYH3-MAD1L1,,14,WP_444458830.1,31,CCAATAACCCTTAGG...
TTYH3-MAD1L1,,14,WP_444435771.1,31,CCAATAACCCTTAGG...
TTYH3-MAD1L1,,14,WP_444435726.1,31,CCAATAACCCTTAGG...
TTYH3-MAD1L1,,14,WP_117939725.1,31,CCAATAACCCTTAGG...
TTYH3-MAD1L1,,14,WP_443950397.1,31,CCAATAACCCTTAGG...
TTYH3-MAD1L1,,14,WP_410059552.1,31,CCAATAACCCTTAGG...
TTYH3-MAD1L1,,14,WP_443720746.1,31,CCAATAACCCTTAGG...
TTYH3-MAD1L1,,14,WP_443718908.1,31,CCAATAACCCTTAGG...
TTYH3-MAD1L1,,14,WP_443714745.1,31,CCAATAACCCTTAGG...
TTYH3-MAD1L1,,14,WP_443712101.1,31,CCAATAACCCTTAGG...
TTYH3-MAD1L1,,14,WP_443710932.1,31,CCAATAACCCTTAGG...
TTYH3-MAD1L1,,14,WP_443708358.1,31,CCAATAACCCTTAGG...
TTYH3-MAD1L1,,14,WP_118158110.1,31,CCAATAACCCTTAGG...
TTYH3-MAD1L1,,14,WP_321161346.1,31,CCAATAACCCTTAGG...
TTYH3-MAD1L1,,14,WP_265232294.1,31,CCAATAACCCTTAGG...
TTYH3-MAD1L1,,14,WP_163278099.1,31,CCAATAACCCTTAGG...
TTYH3-MAD1L1,,14,WP_163252947.1,31,CCAATAACCCTTAGG...
TTYH3-MAD1L1,,14,WP_163245051.1,31,CCAATAACCCTTAGG...
TTYH3-MAD1L1,,14,WP_163184865.1,31,CCAATAACCCTTAGG...
TTYH3-MAD1L1,,14,WP_114980965.1,31,CCAATAACCCTTAGG...
TTYH3-MAD1L1,,14,WP_098926848.1,31,CCAATAACCCTTAGG...
TTYH3-MAD1L1,,14,WP_085333853.1,31,CCAATAACCCTTAGG...
TTYH3-MAD1L1,,14,WP_061311164.1,31,CCAATAACCCTTAGG...
TTYH3-MAD1L1,,14,WP_053818216.1,31,CCAATAACCCTTAGG...
TTYH3-MAD1L1,,14,WP_045518692.1,31,CCAATAACCCTTAGG...
TTYH3-MAD1L1,,14,WP_033061393.1,31,CCAATAACCCTTAGG...
TTYH3-MAD1L1,,14,WP_003491553.1,31,CCAATAACCCTTAGG...
TTYH3-MAD1L1,,14,WP_003483200.1,31,CCAATAACCCTTAGG...
TTYH3-MAD1L1,,14,NP_001139035.1,31,CCAATAACCCTTAGG...
TTYH3-MAD1L1,,14,WP_329604416.1,31,CCAATAACCCTTAGG...
TTYH3-MAD1L1,,14,WP_329603308.1,31,CCAATAACCCTTAGG...
TTYH3-MAD1L1,,14,WP_323286094.1,31,CCAATAACCCTTAGG...
TTYH3-MAD1L1,,14,WP_310995718.1,31,CCAATAACCCTTAGG...
CTNNBIP1-CLSTN1,,14,WP_333265241.1,29,ACGGCAATCTATCAC...
CTNNBIP1-CLSTN1,,14,WP_456032753.1,29,ACGGCAATCTATCAC...
CTNNBIP1-CLSTN1,,14,WP_455267944.1,29,ACGGCAATCTATCAC...
CTNNBIP1-CLSTN1,,14,pdb|9ECE|A,29,ACGGCAATCTATCAC...
CTNNBIP1-CLSTN1,,14,pdb|9ECD|A,29,ACGGCAATCTATCAC...
CTNNBIP1-CLSTN1,,14,pdb|9ECC|A,29,ACGGCAATCTATCAC...
CTNNBIP1-CLSTN1,,14,pdb|9ECB|A,29,ACGGCAATCTATCAC...
CTNNBIP1-CLSTN1,,14,pdb|9ECA|A,29,ACGGCAATCTATCAC...
CTNNBIP1-CLSTN1,,14,pdb|9EC9|A,29,ACGGCAATCTATCAC...
CTNNBIP1-CLSTN1,,14,pdb|9EBU|A,29,ACGGCAATCTATCAC...
CTNNBIP1-CLSTN1,,14,AJD30372.1,29,ACGGCAATCTATCAC...
CTNNBIP1-CLSTN1,,14,pdb|9M8Q|A,29,ACGGCAATCTATCAC...
CTNNBIP1-CLSTN1,,14,pdb|9M38|A,29,ACGGCAATCTATCAC...
CTNNBIP1-CLSTN1,,14,pdb|9M34|A,29,ACGGCAATCTATCAC...
CTNNBIP1-CLSTN1,,14,pdb|9M33|A,29,ACGGCAATCTATCAC...
CTNNBIP1-CLSTN1,,14,pdb|9M31|A,29,ACGGCAATCTATCAC...
CTNNBIP1-CLSTN1,,14,pdb|9M30|A,29,ACGGCAATCTATCAC...
CTNNBIP1-CLSTN1,,14,WP_444458830.1,29,ACGGCAATCTATCAC...
CTNNBIP1-CLSTN1,,14,WP_444435771.1,29,ACGGCAATCTATCAC...
CTNNBIP1-CLSTN1,,14,WP_444435726.1,29,ACGGCAATCTATCAC...
CTNNBIP1-CLSTN1,,14,WP_117939725.1,29,ACGGCAATCTATCAC...
CTNNBIP1-CLSTN1,,14,WP_443950397.1,29,ACGGCAATCTATCAC...
CTNNBIP1-CLSTN1,,14,WP_410059552.1,29,ACGGCAATCTATCAC...
CTNNBIP1-CLSTN1,,14,WP_443720746.1,29,ACGGCAATCTATCAC...
CTNNBIP1-CLSTN1,,14,WP_443718908.1,29,ACGGCAATCTATCAC...
CTNNBIP1-CLSTN1,,14,WP_443714745.1,29,ACGGCAATCTATCAC...
CTNNBIP1-CLSTN1,,14,WP_443712101.1,29,ACGGCAATCTATCAC...
CTNNBIP1-CLSTN1,,14,WP_443710932.1,29,ACGGCAATCTATCAC...
CTNNBIP1-CLSTN1,,14,WP_443708358.1,29,ACGGCAATCTATCAC...
CTNNBIP1-CLSTN1,,14,WP_118158110.1,29,ACGGCAATCTATCAC...
CTNNBIP1-CLSTN1,,14,WP_321161346.1,29,ACGGCAATCTATCAC...
CTNNBIP1-CLSTN1,,14,WP_265232294.1,29,ACGGCAATCTATCAC...
CTNNBIP1-CLSTN1,,14,WP_163278099.1,29,ACGGCAATCTATCAC...
CTNNBIP1-CLSTN1,,14,WP_163252947.1,29,ACGGCAATCTATCAC...
CTNNBIP1-CLSTN1,,14,WP_163245051.1,29,ACGGCAATCTATCAC...
CTNNBIP1-CLSTN1,,14,WP_163184865.1,29,ACGGCAATCTATCAC...
CTNNBIP1-CLSTN1,,14,WP_114980965.1,29,ACGGCAATCTATCAC...
CTNNBIP1-CLSTN1,,14,WP_098926848.1,29,ACGGCAATCTATCAC...
CTNNBIP1-CLSTN1,,14,WP_085333853.1,29,ACGGCAATCTATCAC...
CTNNBIP1-CLSTN1,,14,WP_061311164.1,29,ACGGCAATCTATCAC...
CTNNBIP1-CLSTN1,,14,WP_053818216.1,29,ACGGCAATCTATCAC...
CTNNBIP1-CLSTN1,,14,WP_045518692.1,29,ACGGCAATCTATCAC...
CTNNBIP1-CLSTN1,,14,WP_033061393.1,29,ACGGCAATCTATCAC...
CTNNBIP1-CLSTN1,,14,WP_003491553.1,29,ACGGCAATCTATCAC...
CTNNBIP1-CLSTN1,,14,WP_003483200.1,29,ACGGCAATCTATCAC...
CTNNBIP1-CLSTN1,,14,NP_001139035.1,29,ACGGCAATCTATCAC...
CTNNBIP1-CLSTN1,,14,WP_329604416.1,29,ACGGCAATCTATCAC...
CTNNBIP1-CLSTN1,,14,WP_329603308.1,29,ACGGCAATCTATCAC...
CTNNBIP1-CLSTN1,,14,WP_323286094.1,29,ACGGCAATCTATCAC...
CTNNBIP1-CLSTN1,,14,WP_310995718.1,29,ACGGCAATCTATCAC...
TPD52L1-RNF217,,12,WP_333265241.1,29,CGTTACGGATTGATT...
TPD52L1-RNF217,,12,WP_456032753.1,29,CGTTACGGATTGATT...
TPD52L1-RNF217,,12,WP_455267944.1,29,CGTTACGGATTGATT...
TPD52L1-RNF217,,12,pdb|9ECE|A,29,CGTTACGGATTGATT...
TPD52L1-RNF217,,12,pdb|9ECD|A,29,CGTTACGGATTGATT...
TPD52L1-RNF217,,12,pdb|9ECC|A,29,CGTTACGGATTGATT...
TPD52L1-RNF217,,12,pdb|9ECB|A,29,CGTTACGGATTGATT...
TPD52L1-RNF217,,12,pdb|9ECA|A,29,CGTTACGGATTGATT...
TPD52L1-RNF217,,12,pdb|9EC9|A,29,CGTTACGGATTGATT...
TPD52L1-RNF217,,12,pdb|9EBU|A,29,CGTTACGGATTGATT...
TPD52L1-RNF217,,12,AJD30372.1,29,CGTTACGGATTGATT...
TPD52L1-RNF217,,12,pdb|9M8Q|A,29,CGTTACGGATTGATT...
TPD52L1-RNF217,,12,pdb|9M38|A,29,CGTTACGGATTGATT...
TPD52L1-RNF217,,12,pdb|9M34|A,29,CGTTACGGATTGATT...
TPD52L1-RNF217,,12,pdb|9M33|A,29,CGTTACGGATTGATT...
TPD52L1-RNF217,,12,pdb|9M31|A,29,CGTTACGGATTGATT...
TPD52L1-RNF217,,12,pdb|9M30|A,29,CGTTACGGATTGATT...
TPD52L1-RNF217,,12,WP_444458830.1,29,CGTTACGGATTGATT...
TPD52L1-RNF217,,12,WP_444435771.1,29,CGTTACGGATTGATT...
TPD52L1-RNF217,,12,WP_444435726.1,29,CGTTACGGATTGATT...
TPD52L1-RNF217,,12,WP_117939725.1,29,CGTTACGGATTGATT...
TPD52L1-RNF217,,12,WP_443950397.1,29,CGTTACGGATTGATT...
TPD52L1-RNF217,,12,WP_410059552.1,29,CGTTACGGATTGATT...
TPD52L1-RNF217,,12,WP_443720746.1,29,CGTTACGGATTGATT...
TPD52L1-RNF217,,12,WP_443718908.1,29,CGTTACGGATTGATT...
TPD52L1-RNF217,,12,WP_443714745.1,29,CGTTACGGATTGATT...
TPD52L1-RNF217,,12,WP_443712101.1,29,CGTTACGGATTGATT...
TPD52L1-RNF217,,12,WP_443710932.1,29,CGTTACGGATTGATT...
TPD52L1-RNF217,,12,WP_443708358.1,29,CGTTACGGATTGATT...
TPD52L1-RNF217,,12,WP_118158110.1,29,CGTTACGGATTGATT...
TPD52L1-RNF217,,12,WP_321161346.1,29,CGTTACGGATTGATT...
TPD52L1-RNF217,,12,WP_265232294.1,29,CGTTACGGATTGATT...
TPD52L1-RNF217,,12,WP_163278099.1,29,CGTTACGGATTGATT...
TPD52L1-RNF217,,12,WP_163252947.1,29,CGTTACGGATTGATT...
TPD52L1-RNF217,,12,WP_163245051.1,29,CGTTACGGATTGATT...
TPD52L1-RNF217,,12,WP_163184865.1,29,CGTTACGGATTGATT...
TPD52L1-RNF217,,12,WP_114980965.1,29,CGTTACGGATTGATT...
TPD52L1-RNF217,,12,WP_098926848.1,29,CGTTACGGATTGATT...
TPD52L1-RNF217,,12,WP_085333853.1,29,CGTTACGGATTGATT...
TPD52L1-RNF217,,12,WP_061311164.1,29,CGTTACGGATTGATT...
TPD52L1-RNF217,,12,WP_053818216.1,29,CGTTACGGATTGATT...
TPD52L1-RNF217,,12,WP_045518692.1,29,CGTTACGGATTGATT...
TPD52L1-RNF217,,12,WP_033061393.1,29,CGTTACGGATTGATT...
TPD52L1-RNF217,,12,WP_003491553.1,29,CGTTACGGATTGATT...
TPD52L1-RNF217,,12,WP_003483200.1,29,CGTTACGGATTGATT...
TPD52L1-RNF217,,12,NP_001139035.1,29,CGTTACGGATTGATT...
TPD52L1-RNF217,,12,WP_329604416.1,29,CGTTACGGATTGATT...
TPD52L1-RNF217,,12,WP_329603308.1,29,CGTTACGGATTGATT...
TPD52L1-RNF217,,12,WP_323286094.1,29,CGTTACGGATTGATT...
TPD52L1-RNF217,,12,WP_310995718.1,29,CGTTACGGATTGATT...
THSD4-LRRC49,,14,WP_333265241.1,27,CGTGTAGATCGGCCA...
THSD4-LRRC49,,14,WP_456032753.1,27,CGTGTAGATCGGCCA...
THSD4-LRRC49,,14,WP_455267944.1,27,CGTGTAGATCGGCCA...
THSD4-LRRC49,,14,pdb|9ECE|A,27,CGTGTAGATCGGCCA...
THSD4-LRRC49,,14,pdb|9ECD|A,27,CGTGTAGATCGGCCA...
THSD4-LRRC49,,14,pdb|9ECC|A,27,CGTGTAGATCGGCCA...
THSD4-LRRC49,,14,pdb|9ECB|A,27,CGTGTAGATCGGCCA...
THSD4-LRRC49,,14,pdb|9ECA|A,27,CGTGTAGATCGGCCA...
THSD4-LRRC49,,14,pdb|9EC9|A,27,CGTGTAGATCGGCCA...
THSD4-LRRC49,,14,pdb|9EBU|A,27,CGTGTAGATCGGCCA...
THSD4-LRRC49,,14,AJD30372.1,27,CGTGTAGATCGGCCA...
THSD4-LRRC49,,14,pdb|9M8Q|A,27,CGTGTAGATCGGCCA...
THSD4-LRRC49,,14,pdb|9M38|A,27,CGTGTAGATCGGCCA...
THSD4-LRRC49,,14,pdb|9M34|A,27,CGTGTAGATCGGCCA...
THSD4-LRRC49,,14,pdb|9M33|A,27,CGTGTAGATCGGCCA...
THSD4-LRRC49,,14,pdb|9M31|A,27,CGTGTAGATCGGCCA...
THSD4-LRRC49,,14,pdb|9M30|A,27,CGTGTAGATCGGCCA...
THSD4-LRRC49,,14,WP_444458830.1,27,CGTGTAGATCGGCCA...
THSD4-LRRC49,,14,WP_444435771.1,27,CGTGTAGATCGGCCA...
THSD4-LRRC49,,14,WP_444435726.1,27,CGTGTAGATCGGCCA...
THSD4-LRRC49,,14,WP_117939725.1,27,CGTGTAGATCGGCCA...
THSD4-LRRC49,,14,WP_443950397.1,27,CGTGTAGATCGGCCA...
THSD4-LRRC49,,14,WP_410059552.1,27,CGTGTAGATCGGCCA...
THSD4-LRRC49,,14,WP_443720746.1,27,CGTGTAGATCGGCCA...
THSD4-LRRC49,,14,WP_443718908.1,27,CGTGTAGATCGGCCA...
THSD4-LRRC49,,14,WP_443714745.1,27,CGTGTAGATCGGCCA...
THSD4-LRRC49,,14,WP_443712101.1,27,CGTGTAGATCGGCCA...
THSD4-LRRC49,,14,WP_443710932.1,27,CGTGTAGATCGGCCA...
THSD4-LRRC49,,14,WP_443708358.1,27,CGTGTAGATCGGCCA...
THSD4-LRRC49,,14,WP_118158110.1,27,CGTGTAGATCGGCCA...
THSD4-LRRC49,,14,WP_321161346.1,27,CGTGTAGATCGGCCA...
THSD4-LRRC49,,14,WP_265232294.1,27,CGTGTAGATCGGCCA...
THSD4-LRRC49,,14,WP_163278099.1,27,CGTGTAGATCGGCCA...
THSD4-LRRC49,,14,WP_163252947.1,27,CGTGTAGATCGGCCA...
THSD4-LRRC49,,14,WP_163245051.1,27,CGTGTAGATCGGCCA...
THSD4-LRRC49,,14,WP_163184865.1,27,CGTGTAGATCGGCCA...
THSD4-LRRC49,,14,WP_114980965.1,27,CGTGTAGATCGGCCA...
THSD4-LRRC49,,14,WP_098926848.1,27,CGTGTAGATCGGCCA...
THSD4-LRRC49,,14,WP_085333853.1,27,CGTGTAGATCGGCCA...
THSD4-LRRC49,,14,WP_061311164.1,27,CGTGTAGATCGGCCA...
THSD4-LRRC49,,14,WP_053818216.1,27,CGTGTAGATCGGCCA...
THSD4-LRRC49,,14,WP_045518692.1,27,CGTGTAGATCGGCCA...
THSD4-LRRC49,,14,WP_033061393.1,27,CGTGTAGATCGGCCA...
THSD4-LRRC49,,14,WP_003491553.1,27,CGTGTAGATCGGCCA...
THSD4-LRRC49,,14,WP_003483200.1,27,CGTGTAGATCGGCCA...
THSD4-LRRC49,,14,NP_001139035.1,27,CGTGTAGATCGGCCA...
THSD4-LRRC49,,14,WP_329604416.1,27,CGTGTAGATCGGCCA...
THSD4-LRRC49,,14,WP_329603308.1,27,CGTGTAGATCGGCCA...
THSD4-LRRC49,,14,WP_323286094.1,27,CGTGTAGATCGGCCA...
THSD4-LRRC49,,14,WP_310995718.1,27,CGTGTAGATCGGCCA...
ZNF253-LINC00466,,12,WP_333265241.1,26,CGTATACGAAGTAGT...
ZNF253-LINC00466,,12,WP_456032753.1,26,CGTATACGAAGTAGT...
ZNF253-LINC00466,,12,WP_455267944.1,26,CGTATACGAAGTAGT...
ZNF253-LINC00466,,12,pdb|9ECE|A,26,CGTATACGAAGTAGT...
ZNF253-LINC00466,,12,pdb|9ECD|A,26,CGTATACGAAGTAGT...
ZNF253-LINC00466,,12,pdb|9ECC|A,26,CGTATACGAAGTAGT...
ZNF253-LINC00466,,12,pdb|9ECB|A,26,CGTATACGAAGTAGT...
ZNF253-LINC00466,,12,pdb|9ECA|A,26,CGTATACGAAGTAGT...
ZNF253-LINC00466,,12,pdb|9EC9|A,26,CGTATACGAAGTAGT...
ZNF253-LINC00466,,12,pdb|9EBU|A,26,CGTATACGAAGTAGT...
ZNF253-LINC00466,,12,AJD30372.1,26,CGTATACGAAGTAGT...
ZNF253-LINC00466,,12,pdb|9M8Q|A,26,CGTATACGAAGTAGT...
ZNF253-LINC00466,,12,pdb|9M38|A,26,CGTATACGAAGTAGT...
ZNF253-LINC00466,,12,pdb|9M34|A,26,CGTATACGAAGTAGT...
ZNF253-LINC00466,,12,pdb|9M33|A,26,CGTATACGAAGTAGT...
ZNF253-LINC00466,,12,pdb|9M31|A,26,CGTATACGAAGTAGT...
ZNF253-LINC00466,,12,pdb|9M30|A,26,CGTATACGAAGTAGT...
ZNF253-LINC00466,,12,WP_444458830.1,26,CGTATACGAAGTAGT...
ZNF253-LINC00466,,12,WP_444435771.1,26,CGTATACGAAGTAGT...
ZNF253-LINC00466,,12,WP_444435726.1,26,CGTATACGAAGTAGT...
ZNF253-LINC00466,,12,WP_117939725.1,26,CGTATACGAAGTAGT...
ZNF253-LINC00466,,12,WP_443950397.1,26,CGTATACGAAGTAGT...
ZNF253-LINC00466,,12,WP_410059552.1,26,CGTATACGAAGTAGT...
ZNF253-LINC00466,,12,WP_443720746.1,26,CGTATACGAAGTAGT...
ZNF253-LINC00466,,12,WP_443718908.1,26,CGTATACGAAGTAGT...
ZNF253-LINC00466,,12,WP_443714745.1,26,CGTATACGAAGTAGT...
ZNF253-LINC00466,,12,WP_443712101.1,26,CGTATACGAAGTAGT...
ZNF253-LINC00466,,12,WP_443710932.1,26,CGTATACGAAGTAGT...
ZNF253-LINC00466,,12,WP_443708358.1,26,CGTATACGAAGTAGT...
ZNF253-LINC00466,,12,WP_118158110.1,26,CGTATACGAAGTAGT...
ZNF253-LINC00466,,12,WP_321161346.1,26,CGTATACGAAGTAGT...
ZNF253-LINC00466,,12,WP_265232294.1,26,CGTATACGAAGTAGT...
ZNF253-LINC00466,,12,WP_163278099.1,26,CGTATACGAAGTAGT...
ZNF253-LINC00466,,12,WP_163252947.1,26,CGTATACGAAGTAGT...
ZNF253-LINC00466,,12,WP_163245051.1,26,CGTATACGAAGTAGT...
ZNF253-LINC00466,,12,WP_163184865.1,26,CGTATACGAAGTAGT...
ZNF253-LINC00466,,12,WP_114980965.1,26,CGTATACGAAGTAGT...
ZNF253-LINC00466,,12,WP_098926848.1,26,CGTATACGAAGTAGT...
ZNF253-LINC00466,,12,WP_085333853.1,26,CGTATACGAAGTAGT...
ZNF253-LINC00466,,12,WP_061311164.1,26,CGTATACGAAGTAGT...
ZNF253-LINC00466,,12,WP_053818216.1,26,CGTATACGAAGTAGT...
ZNF253-LINC00466,,12,WP_045518692.1,26,CGTATACGAAGTAGT...
ZNF253-LINC00466,,12,WP_033061393.1,26,CGTATACGAAGTAGT...
ZNF253-LINC00466,,12,WP_003491553.1,26,CGTATACGAAGTAGT...
ZNF253-LINC00466,,12,WP_003483200.1,26,CGTATACGAAGTAGT...
ZNF253-LINC00466,,12,NP_001139035.1,26,CGTATACGAAGTAGT...
ZNF253-LINC00466,,12,WP_329604416.1,26,CGTATACGAAGTAGT...
ZNF253-LINC00466,,12,WP_329603308.1,26,CGTATACGAAGTAGT...
ZNF253-LINC00466,,12,WP_323286094.1,26,CGTATACGAAGTAGT...
ZNF253-LINC00466,,12,WP_310995718.1,26,CGTATACGAAGTAGT...
NFAT5-SNTB2,,10,WP_333265241.1,25,AGCTCATGAAAGGTA...
NFAT5-SNTB2,,10,WP_456032753.1,25,AGCTCATGAAAGGTA...
NFAT5-SNTB2,,10,WP_455267944.1,25,AGCTCATGAAAGGTA...
NFAT5-SNTB2,,10,pdb|9ECE|A,25,AGCTCATGAAAGGTA...
NFAT5-SNTB2,,10,pdb|9ECD|A,25,AGCTCATGAAAGGTA...
NFAT5-SNTB2,,10,pdb|9ECC|A,25,AGCTCATGAAAGGTA...
NFAT5-SNTB2,,10,pdb|9ECB|A,25,AGCTCATGAAAGGTA...
NFAT5-SNTB2,,10,pdb|9ECA|A,25,AGCTCATGAAAGGTA...
NFAT5-SNTB2,,10,pdb|9EC9|A,25,AGCTCATGAAAGGTA...
NFAT5-SNTB2,,10,pdb|9EBU|A,25,AGCTCATGAAAGGTA...
NFAT5-SNTB2,,10,AJD30372.1,25,AGCTCATGAAAGGTA...
NFAT5-SNTB2,,10,pdb|9M8Q|A,25,AGCTCATGAAAGGTA...
NFAT5-SNTB2,,10,pdb|9M38|A,25,AGCTCATGAAAGGTA...
NFAT5-SNTB2,,10,pdb|9M34|A,25,AGCTCATGAAAGGTA...
NFAT5-SNTB2,,10,pdb|9M33|A,25,AGCTCATGAAAGGTA...
NFAT5-SNTB2,,10,pdb|9M31|A,25,AGCTCATGAAAGGTA...
NFAT5-SNTB2,,10,pdb|9M30|A,25,AGCTCATGAAAGGTA...
NFAT5-SNTB2,,10,WP_444458830.1,25,AGCTCATGAAAGGTA...
NFAT5-SNTB2,,10,WP_444435771.1,25,AGCTCATGAAAGGTA...
NFAT5-SNTB2,,10,WP_444435726.1,25,AGCTCATGAAAGGTA...
NFAT5-SNTB2,,10,WP_117939725.1,25,AGCTCATGAAAGGTA...
NFAT5-SNTB2,,10,WP_443950397.1,25,AGCTCATGAAAGGTA...
NFAT5-SNTB2,,10,WP_410059552.1,25,AGCTCATGAAAGGTA...
NFAT5-SNTB2,,10,WP_443720746.1,25,AGCTCATGAAAGGTA...
NFAT5-SNTB2,,10,WP_443718908.1,25,AGCTCATGAAAGGTA...
NFAT5-SNTB2,,10,WP_443714745.1,25,AGCTCATGAAAGGTA...
NFAT5-SNTB2,,10,WP_443712101.1,25,AGCTCATGAAAGGTA...
NFAT5-SNTB2,,10,WP_443710932.1,25,AGCTCATGAAAGGTA...
NFAT5-SNTB2,,10,WP_443708358.1,25,AGCTCATGAAAGGTA...
NFAT5-SNTB2,,10,WP_118158110.1,25,AGCTCATGAAAGGTA...
NFAT5-SNTB2,,10,WP_321161346.1,25,AGCTCATGAAAGGTA...
NFAT5-SNTB2,,10,WP_265232294.1,25,AGCTCATGAAAGGTA...
NFAT5-SNTB2,,10,WP_163278099.1,25,AGCTCATGAAAGGTA...
NFAT5-SNTB2,,10,WP_163252947.1,25,AGCTCATGAAAGGTA...
NFAT5-SNTB2,,10,WP_163245051.1,25,AGCTCATGAAAGGTA...
NFAT5-SNTB2,,10,WP_163184865.1,25,AGCTCATGAAAGGTA...
NFAT5-SNTB2,,10,WP_114980965.1,25,AGCTCATGAAAGGTA...
NFAT5-SNTB2,,10,WP_098926848.1,25,AGCTCATGAAAGGTA...
NFAT5-SNTB2,,10,WP_085333853.1,25,AGCTCATGAAAGGTA...
NFAT5-SNTB2,,10,WP_061311164.1,25,AGCTCATGAAAGGTA...
NFAT5-SNTB2,,10,WP_053818216.1,25,AGCTCATGAAAGGTA...
NFAT5-SNTB2,,10,WP_045518692.1,25,AGCTCATGAAAGGTA...
NFAT5-SNTB2,,10,WP_033061393.1,25,AGCTCATGAAAGGTA...
NFAT5-SNTB2,,10,WP_003491553.1,25,AGCTCATGAAAGGTA...
NFAT5-SNTB2,,10,WP_003483200.1,25,AGCTCATGAAAGGTA...
NFAT5-SNTB2,,10,NP_001139035.1,25,AGCTCATGAAAGGTA...
NFAT5-SNTB2,,10,WP_329604416.1,25,AGCTCATGAAAGGTA...
NFAT5-SNTB2,,10,WP_329603308.1,25,AGCTCATGAAAGGTA...
NFAT5-SNTB2,,10,WP_323286094.1,25,AGCTCATGAAAGGTA...
NFAT5-SNTB2,,10,WP_310995718.1,25,AGCTCATGAAAGGTA...
DPEP1-TCF25,,16,WP_333265241.1,24,ACTCACCCCTAAATT...
DPEP1-TCF25,,16,WP_456032753.1,24,ACTCACCCCTAAATT...
DPEP1-TCF25,,16,WP_455267944.1,24,ACTCACCCCTAAATT...
DPEP1-TCF25,,16,pdb|9ECE|A,24,ACTCACCCCTAAATT...
DPEP1-TCF25,,16,pdb|9ECD|A,24,ACTCACCCCTAAATT...
DPEP1-TCF25,,16,pdb|9ECC|A,24,ACTCACCCCTAAATT...
DPEP1-TCF25,,16,pdb|9ECB|A,24,ACTCACCCCTAAATT...
DPEP1-TCF25,,16,pdb|9ECA|A,24,ACTCACCCCTAAATT...
DPEP1-TCF25,,16,pdb|9EC9|A,24,ACTCACCCCTAAATT...
DPEP1-TCF25,,16,pdb|9EBU|A,24,ACTCACCCCTAAATT...
DPEP1-TCF25,,16,AJD30372.1,24,ACTCACCCCTAAATT...
DPEP1-TCF25,,16,pdb|9M8Q|A,24,ACTCACCCCTAAATT...
DPEP1-TCF25,,16,pdb|9M38|A,24,ACTCACCCCTAAATT...
DPEP1-TCF25,,16,pdb|9M34|A,24,ACTCACCCCTAAATT...
DPEP1-TCF25,,16,pdb|9M33|A,24,ACTCACCCCTAAATT...
DPEP1-TCF25,,16,pdb|9M31|A,24,ACTCACCCCTAAATT...
DPEP1-TCF25,,16,pdb|9M30|A,24,ACTCACCCCTAAATT...
DPEP1-TCF25,,16,WP_444458830.1,24,ACTCACCCCTAAATT...
DPEP1-TCF25,,16,WP_444435771.1,24,ACTCACCCCTAAATT...
DPEP1-TCF25,,16,WP_444435726.1,24,ACTCACCCCTAAATT...
DPEP1-TCF25,,16,WP_117939725.1,24,ACTCACCCCTAAATT...
DPEP1-TCF25,,16,WP_443950397.1,24,ACTCACCCCTAAATT...
DPEP1-TCF25,,16,WP_410059552.1,24,ACTCACCCCTAAATT...
DPEP1-TCF25,,16,WP_443720746.1,24,ACTCACCCCTAAATT...
DPEP1-TCF25,,16,WP_443718908.1,24,ACTCACCCCTAAATT...
DPEP1-TCF25,,16,WP_443714745.1,24,ACTCACCCCTAAATT...
DPEP1-TCF25,,16,WP_443712101.1,24,ACTCACCCCTAAATT...
DPEP1-TCF25,,16,WP_443710932.1,24,ACTCACCCCTAAATT...
DPEP1-TCF25,,16,WP_443708358.1,24,ACTCACCCCTAAATT...
DPEP1-TCF25,,16,WP_118158110.1,24,ACTCACCCCTAAATT...
DPEP1-TCF25,,16,WP_321161346.1,24,ACTCACCCCTAAATT...
DPEP1-TCF25,,16,WP_265232294.1,24,ACTCACCCCTAAATT...
DPEP1-TCF25,,16,WP_163278099.1,24,ACTCACCCCTAAATT...
DPEP1-TCF25,,16,WP_163252947.1,24,ACTCACCCCTAAATT...
DPEP1-TCF25,,16,WP_163245051.1,24,ACTCACCCCTAAATT...
DPEP1-TCF25,,16,WP_163184865.1,24,ACTCACCCCTAAATT...
DPEP1-TCF25,,16,WP_114980965.1,24,ACTCACCCCTAAATT...
DPEP1-TCF25,,16,WP_098926848.1,24,ACTCACCCCTAAATT...
DPEP1-TCF25,,16,WP_085333853.1,24,ACTCACCCCTAAATT...
DPEP1-TCF25,,16,WP_061311164.1,24,ACTCACCCCTAAATT...
DPEP1-TCF25,,16,WP_053818216.1,24,ACTCACCCCTAAATT...
DPEP1-TCF25,,16,WP_045518692.1,24,ACTCACCCCTAAATT...
DPEP1-TCF25,,16,WP_033061393.1,24,ACTCACCCCTAAATT...
DPEP1-TCF25,,16,WP_003491553.1,24,ACTCACCCCTAAATT...
DPEP1-TCF25,,16,WP_003483200.1,24,ACTCACCCCTAAATT...
DPEP1-TCF25,,16,NP_001139035.1,24,ACTCACCCCTAAATT...
DPEP1-TCF25,,16,WP_329604416.1,24,ACTCACCCCTAAATT...
DPEP1-TCF25,,16,WP_329603308.1,24,ACTCACCCCTAAATT...
DPEP1-TCF25,,16,WP_323286094.1,24,ACTCACCCCTAAATT...
DPEP1-TCF25,,16,WP_310995718.1,24,ACTCACCCCTAAATT...
MECOM-LRRC31,,14,WP_333265241.1,23,CGTACGACGCGGCAC...
MECOM-LRRC31,,14,WP_456032753.1,23,CGTACGACGCGGCAC...
MECOM-LRRC31,,14,WP_455267944.1,23,CGTACGACGCGGCAC...
MECOM-LRRC31,,14,pdb|9ECE|A,23,CGTACGACGCGGCAC...
MECOM-LRRC31,,14,pdb|9ECD|A,23,CGTACGACGCGGCAC...
MECOM-LRRC31,,14,pdb|9ECC|A,23,CGTACGACGCGGCAC...
MECOM-LRRC31,,14,pdb|9ECB|A,23,CGTACGACGCGGCAC...
MECOM-LRRC31,,14,pdb|9ECA|A,23,CGTACGACGCGGCAC...
MECOM-LRRC31,,14,pdb|9EC9|A,23,CGTACGACGCGGCAC...
MECOM-LRRC31,,14,pdb|9EBU|A,23,CGTACGACGCGGCAC...
MECOM-LRRC31,,14,AJD30372.1,23,CGTACGACGCGGCAC...
MECOM-LRRC31,,14,pdb|9M8Q|A,23,CGTACGACGCGGCAC...
MECOM-LRRC31,,14,pdb|9M38|A,23,CGTACGACGCGGCAC...
MECOM-LRRC31,,14,pdb|9M34|A,23,CGTACGACGCGGCAC...
MECOM-LRRC31,,14,pdb|9M33|A,23,CGTACGACGCGGCAC...
MECOM-LRRC31,,14,pdb|9M31|A,23,CGTACGACGCGGCAC...
MECOM-LRRC31,,14,pdb|9M30|A,23,CGTACGACGCGGCAC...
MECOM-LRRC31,,14,WP_444458830.1,23,CGTACGACGCGGCAC...
MECOM-LRRC31,,14,WP_444435771.1,23,CGTACGACGCGGCAC...
MECOM-LRRC31,,14,WP_444435726.1,23,CGTACGACGCGGCAC...
MECOM-LRRC31,,14,WP_117939725.1,23,CGTACGACGCGGCAC...
MECOM-LRRC31,,14,WP_443950397.1,23,CGTACGACGCGGCAC...
MECOM-LRRC31,,14,WP_410059552.1,23,CGTACGACGCGGCAC...
MECOM-LRRC31,,14,WP_443720746.1,23,CGTACGACGCGGCAC...
MECOM-LRRC31,,14,WP_443718908.1,23,CGTACGACGCGGCAC...
MECOM-LRRC31,,14,WP_443714745.1,23,CGTACGACGCGGCAC...
MECOM-LRRC31,,14,WP_443712101.1,23,CGTACGACGCGGCAC...
MECOM-LRRC31,,14,WP_443710932.1,23,CGTACGACGCGGCAC...
MECOM-LRRC31,,14,WP_443708358.1,23,CGTACGACGCGGCAC...
MECOM-LRRC31,,14,WP_118158110.1,23,CGTACGACGCGGCAC...
MECOM-LRRC31,,14,WP_321161346.1,23,CGTACGACGCGGCAC...
MECOM-LRRC31,,14,WP_265232294.1,23,CGTACGACGCGGCAC...
MECOM-LRRC31,,14,WP_163278099.1,23,CGTACGACGCGGCAC...
MECOM-LRRC31,,14,WP_163252947.1,23,CGTACGACGCGGCAC...
MECOM-LRRC31,,14,WP_163245051.1,23,CGTACGACGCGGCAC...
MECOM-LRRC31,,14,WP_163184865.1,23,CGTACGACGCGGCAC...
MECOM-LRRC31,,14,WP_114980965.1,23,CGTACGACGCGGCAC...
MECOM-LRRC31,,14,WP_098926848.1,23,CGTACGACGCGGCAC...
MECOM-LRRC31,,14,WP_085333853.1,23,CGTACGACGCGGCAC...
MECOM-LRRC31,,14,WP_061311164.1,23,CGTACGACGCGGCAC...
MECOM-LRRC31,,14,WP_053818216.1,23,CGTACGACGCGGCAC...
MECOM-LRRC31,,14,WP_045518692.1,23,CGTACGACGCGGCAC...
MECOM-LRRC31,,14,WP_033061393.1,23,CGTACGACGCGGCAC...
MECOM-LRRC31,,14,WP_003491553.1,23,CGTACGACGCGGCAC...
MECOM-LRRC31,,14,WP_003483200.1,23,CGTACGACGCGGCAC...
MECOM-LRRC31,,14,NP_001139035.1,23,CGTACGACGCGGCAC...
MECOM-LRRC31,,14,WP_329604416.1,23,CGTACGACGCGGCAC...
MECOM-LRRC31,,14,WP_329603308.1,23,CGTACGACGCGGCAC...
MECOM-LRRC31,,14,WP_323286094.1,23,CGTACGACGCGGCAC...
MECOM-LRRC31,,14,WP_310995718.1,23,CGTACGACGCGGCAC...
